"" ,"perc_overlap_mask" ,"xcorr_vol"
"subject1" ,1.000000000000000 ,1.000000000000000
"subject2" ,1.000000000000000 ,1.000000000000000
