"" ,"max_rotation" ,"max_translation"
"subject1" ,0.225953363052156 ,0.191131591796875
"subject2" ,0.239127223876970 ,0.345767974853515
