"" ,"age" ,"group"
"subject1" ,23.000000000000000 ,1.000000000000000
"subject2" ,29.000000000000000 ,1.000000000000000
"subject3" ,64.000000000000000 ,2.000000000000000
"subject4" ,73.000000000000000 ,2.000000000000000
