"" ,"perc_overlap_mask" ,"xcorr_vol"
"subject1_session1_motor" ,1.000000000000000 ,0.675357401371002
"subject2_session1_motor" ,1.000000000000000 ,0.806776821613312
