"" ,"perc_overlap_mask" ,"xcorr_vol"
"subject1_session1_motor" ,1.000000000000000 ,0.740283191204071
"subject2_session1_motor" ,1.000000000000000 ,0.683829963207245
