"" ,"perc_overlap_mask" ,"xcorr_vol"
"subject1_session1_motor" ,1.000000000000000 ,0.648876488208771
"subject2_session1_motor" ,1.000000000000000 ,0.781544387340546
