"" ,"perc_overlap_mask" ,"xcorr_vol"
"subject1_session1_motor" ,1.000000000000000 ,0.732230842113495
"subject2_session1_motor" ,1.000000000000000 ,0.678275525569916
