"" ,"perc_overlap_mask" ,"xcorr_vol"
"subject1_session1_motor" ,1.000000000000000 ,0.518763601779938
"subject2_session1_motor" ,1.000000000000000 ,0.854309618473053
