"" ,"perc_overlap_mask" ,"xcorr_vol"
"subject1_session1_motor" ,1.000000000000000 ,0.593699574470520
"subject2_session1_motor" ,1.000000000000000 ,0.808080971240997
