"" ,"perc_overlap_mask" ,"xcorr_vol"
"subject1" ,1.000000000000000 ,0.877552986145020
"subject2" ,1.000000000000000 ,0.736594140529633
