"" ,"perc_overlap_mask" ,"xcorr_vol"
"subject1" ,1.000000000000000 ,0.921279489994049
"subject2" ,1.000000000000000 ,0.756258368492126
