"" ,"perc_overlap_mask" ,"xcorr_vol"
"subject1" ,1.000000000000000 ,0.886062741279602
"subject2" ,1.000000000000000 ,0.857105851173401
